﻿<?xml version="1.0"?>
<doc>
<assembly>
<name>
Magna-Scheduler-Svc
</name>
</assembly>
<members>
<member name="T:Magna_Scheduler_Svc.My.Resources.Resources">
<summary>
  A strongly-typed resource class, for looking up localized strings, etc.
</summary>
</member>
<member name="P:Magna_Scheduler_Svc.My.Resources.Resources.ResourceManager">
<summary>
  Returns the cached ResourceManager instance used by this class.
</summary>
</member>
<member name="P:Magna_Scheduler_Svc.My.Resources.Resources.Culture">
<summary>
  Overrides the current thread's CurrentUICulture property for all
  resource lookups using this strongly typed resource class.
</summary>
</member>
</members>
</doc>
